{
  "version": "7",
  "dialect": "postgresql",
  "entries": [
    {
      "idx": 0,
      "version": "7",
      "when": 1757001526692,
      "tag": "0000_unusual_luke_cage",
      "breakpoints": true
    },
    {
      "idx": 1,
      "version": "7",
      "when": 1757089115576,
      "tag": "0001_clever_lila_cheney",
      "breakpoints": true
    },
    {
      "idx": 2,
      "version": "7",
      "when": 1757089270847,
      "tag": "0002_rare_sage",
      "breakpoints": true
    },
    {
      "idx": 3,
      "version": "7",
      "when": 1757098298938,
      "tag": "0003_unknown_speed",
      "breakpoints": true
    },
    {
      "idx": 4,
      "version": "7",
      "when": 1757362271202,
      "tag": "0004_steep_squadron_supreme",
      "breakpoints": true
    },
    {
      "idx": 5,
      "version": "7",
      "when": 1757362294886,
      "tag": "0005_fancy_warpath",
      "breakpoints": true
    },
    {
      "idx": 6,
      "version": "7",
      "when": 1757542883362,
      "tag": "0006_steep_vertigo",
      "breakpoints": true
    },
    {
      "idx": 7,
      "version": "7",
      "when": 1757593156275,
      "tag": "0007_dizzy_thaddeus_ross",
      "breakpoints": true
    },
    {
      "idx": 8,
      "version": "7",
      "when": 1757593168063,
      "tag": "0008_woozy_mulholland_black",
      "breakpoints": true
    },
    {
      "idx": 9,
      "version": "7",
      "when": 1757627224214,
      "tag": "0009_chunky_gauntlet",
      "breakpoints": true
    },
    {
      "idx": 10,
      "version": "7",
      "when": 1757686163146,
      "tag": "0010_clammy_pet_avengers",
      "breakpoints": true
    },
    {
      "idx": 11,
      "version": "7",
      "when": 1757702997783,
      "tag": "0011_steady_living_tribunal",
      "breakpoints": true
    },
    {
      "idx": 12,
      "version": "7",
      "when": 1757703286249,
      "tag": "0012_messy_silver_sable",
      "breakpoints": true
    },
    {
      "idx": 13,
      "version": "7",
      "when": 1758299777657,
      "tag": "0013_soft_aaron_stack",
      "breakpoints": true
    },
    {
      "idx": 14,
      "version": "7",
      "when": 1760347350650,
      "tag": "0014_nice_squirrel_girl",
      "breakpoints": true
    },
    {
      "idx": 15,
      "version": "7",
      "when": 1760524448673,
      "tag": "0015_robust_newton_destine",
      "breakpoints": true
    },
    {
      "idx": 16,
      "version": "7",
      "when": 1760524931692,
      "tag": "0016_nostalgic_the_fallen",
      "breakpoints": true
    },
    {
      "idx": 17,
      "version": "7",
      "when": 1761124488347,
      "tag": "0017_colorful_earthquake",
      "breakpoints": true
    },
    {
      "idx": 18,
      "version": "7",
      "when": 1766266496105,
      "tag": "0018_opposite_imperial_guard",
      "breakpoints": true
    },
    {
      "idx": 19,
      "version": "7",
      "when": 1766340075941,
      "tag": "0019_nebulous_sugar_man",
      "breakpoints": true
    },
    {
      "idx": 20,
      "version": "7",
      "when": 1766489795230,
      "tag": "0020_warm_nighthawk",
      "breakpoints": true
    },
    {
      "idx": 21,
      "version": "7",
      "when": 1766491400509,
      "tag": "0021_married_thunderbolt",
      "breakpoints": true
    },
    {
      "idx": 22,
      "version": "7",
      "when": 1766525786724,
      "tag": "0022_material_leech",
      "breakpoints": true
    },
    {
      "idx": 23,
      "version": "7",
      "when": 1766802773196,
      "tag": "0023_wakeful_bug",
      "breakpoints": true
    },
    {
      "idx": 24,
      "version": "7",
      "when": 1768497115512,
      "tag": "0024_cheerful_dexter_bennett",
      "breakpoints": true
    },
    {
      "idx": 25,
      "version": "7",
      "when": 1768498516643,
      "tag": "0025_curved_captain_universe",
      "breakpoints": true
    },
    {
      "idx": 26,
      "version": "7",
      "when": 1768498976854,
      "tag": "0026_aromatic_red_wolf",
      "breakpoints": true
    }
  ]
}